stn,river,zone,habitat,S_TP,S_TN,S_TOC,S_moist,S_pH,length,width,r_width,elev,Pebble,granule,v_course_sand,course_sand,medium_sand,fine_sand,v_fine_sand,silt_clay,alotanypus,prionoptera,nostocicola,cardiocladius,ceratopogonidae,chironomus,cricotopus,trifsciatus,cryptochironomus,dicrotendipes,dimesa,diplocladius,einfeldia,endochironomus,euiefferiella,glyptotendipes,halocladius,heterotrissocladius,kiefferulus,microtendipes,monodimesa,consubrinus,dentifer,oliveri,paracladopelma,levidensis,pentaneurini,polypedilum,procladius,prodimesa,psectrocladius,paf,semicerculatus,sordidellus,stichtochironomous,tanypodinae,tanypus,tanytarsus,tribelos,trichocladius,ephemera,baetis,ecdyonurus,electrogena,serratella,ephemerella,caenis,Hydropsychae,philopotamidae,chematopsyche,polyplectropus,metrichia,palifera,lymnaeidae,planorbidae,corbiculidae,hyriidae,tubifex,sowerbyi,nematomorpha,eusiridae,paramelitidae,cyprididae,staphilinidae,dryopidae,limnichidae,elmidae,hydrophilidae,sperceidae,berosus,heterocerridae,aphelocheiridae,gerridae,glossiphoniidae,dugesidae,tabanidae,ephydridae,psychodidae,dolichopodidae,tipulidae,simulidae,muscidae,dixidae,empididae,odontomyia,lycosidae,acarina,aphid,Collembola,hymenoptera,Epigomphus,copepoda,gomphidae,plecoptera,FC,GC,HSH,MF,P,PAR,PRC,SC,BU,CB,CN,SK,SP,SP-BU,BU-CN,CB-CN,SW-CB,SW-CN,SW-CW,MH,CA,DE,DH,HE,MT,S,N,d,j,H
FR1,Feng,UP,Rapid,898,18.05,0.87,16.9,8.37,42.862,4.63,9.42,444,5.45,7.34,7.41,49.61,18.2,8.44,1.14,0.93,0,0,0,0,0,0,0,67,0,0,0,0,0,0,0,0,0,0,0,0,0,0,0,0,0,0,0,256,44,0,0,0,0,0,0,0,0,0,0,0,0,444,11,0,0,0,0,1589,0,0,0,0,0,0,0,0,0,0,0,0,0,0,0,0,0,100,0,78,0,0,0,0,11,11,0,0,0,0,0,0,11,0,0,0,0,0,0,0,0,0,0,0,0,0,1600,222,256,67,22,0,0,455,0,78,1678,11,55,0,100,256,0,444,0,0,22,1822,256,455,67,11,2622,1.270374801,0.54826612,1.314684737
FR2,Feng,UP,Rapid,1317,10.71,1.14,19.55,8.37,85.078,7.92,7.55,441,11.17,7.07,9.72,18.98,30.47,17.1,2.99,1.08,11,0,0,0,0,56,0,0,0,0,0,0,0,0,0,0,0,0,0,0,0,0,0,0,0,0,0,144,0,0,0,0,0,0,0,0,0,0,0,111,0,244,0,0,0,0,0,322,0,89,0,0,0,0,0,0,0,0,0,0,0,0,0,0,0,0,0,0,0,0,0,0,0,0,0,0,0,0,0,0,0,0,0,0,0,0,0,0,0,0,0,0,0,0,411,56,144,111,11,0,0,244,56,0,411,0,122,0,0,144,0,244,0,0,11,467,144,244,111,7,977,0.871524676,0.860389259,1.674240192
FR3,Feng,UP,Rapid,856,10.16,1.69,21.56,8.11,20.108,3.57,12.5,438,2.5,6.11,8.67,25.89,29.34,19.09,4.28,1.99,67,0,0,0,0,11,644,0,0,0,0,0,0,0,0,0,0,0,0,0,0,0,0,0,0,0,0,0,0,0,0,0,0,0,0,0,0,0,0,878,0,722,0,0,0,0,0,756,0,189,0,0,0,0,0,0,0,0,0,0,0,0,0,0,0,56,0,11,0,0,0,0,0,0,0,0,0,0,0,0,0,0,0,0,0,0,11,0,0,0,0,0,0,0,945,78,0,1522,78,0,0,722,11,11,1589,11,945,0,56,0,0,722,0,0,78,1023,0,722,1522,10,3345,1.109026966,0.738686167,1.700887757
FR4,Feng,MID,Rapid,1409,11.76,2.79,25.27,7.82,34.684,7.282,10.99,423,0.08,0.81,2.22,7.14,27.17,42.57,9.21,4.98,0,0,0,0,0,3456,0,0,0,0,0,0,0,0,0,0,89,0,0,0,0,0,0,0,0,0,0,0,0,0,0,0,0,0,0,0,0,0,0,0,0,0,0,0,0,0,0,200,0,0,0,0,0,0,0,0,0,0,0,0,0,0,0,0,0,0,0,0,0,0,0,0,0,33,211,0,0,0,0,0,0,0,0,0,0,0,0,0,0,0,0,0,0,0,200,3456,0,89,33,211,0,0,3456,0,289,0,244,0,0,0,0,0,0,0,33,3656,0,0,89,5,3989,0.482433635,0.344416659,0.554317229
FR5,Feng,MID,Rapid,516,43.56,1.96,21.88,7.83,32.885,8.653,10.37,432,0.48,2.46,3.47,10.25,36.44,38.75,4.54,1.62,11,0,0,0,0,1856,0,533,0,233,0,0,89,0,0,0,0,0,0,0,0,0,0,0,0,0,0,367,0,0,0,0,0,0,0,0,0,0,0,0,0,0,0,0,0,0,0,0,0,0,0,0,0,0,22,0,0,267,0,0,0,0,0,0,0,0,0,0,0,0,0,0,0,0,200,0,0,0,0,0,78,0,0,0,0,0,0,0,0,0,0,0,0,0,78,2356,367,622,11,200,0,22,2178,22,878,0,211,0,0,367,0,0,0,0,11,2434,367,22,622,10,3656,1.097009136,0.695718193,1.601950339
FR6,Feng,MID,Rapid,3396,122.06,5.53,51.32,7.53,85.344,4.251,27.45,429,14.13,8.8,9.33,8.44,9.34,15.22,13.07,10.67,0,0,0,0,0,1233,0,0,0,0,0,0,0,0,0,0,0,0,0,0,0,0,200,0,0,0,0,0,0,122,0,0,0,0,0,0,0,0,0,0,0,0,0,0,0,0,0,0,0,0,0,0,0,0,0,0,0,222,0,0,0,0,0,0,0,0,0,0,0,0,0,0,0,0,0,0,0,0,0,0,0,0,0,0,0,0,0,0,0,0,0,0,0,0,0,1577,0,200,0,0,0,0,1233,0,222,0,0,322,0,0,0,0,0,0,0,1577,0,0,200,4,1777,0.400925774,0.680373521,0.943197976
FR7,Feng,DOWN,Rapid,516,12.47,0.87,19.57,8.37,139.307,14.843,55.38,400,4.77,27.02,16.14,14.04,7.38,5.56,3.83,18.66,44,0,0,0,0,0,2856,0,0,0,0,0,0,0,444,0,0,0,0,0,0,0,0,0,0,0,0,0,0,0,200,0,0,0,0,0,0,0,0,0,0,78,0,0,0,0,33,0,0,0,0,0,0,0,0,0,0,0,0,0,0,0,0,0,0,0,0,0,0,0,0,0,0,0,0,0,0,0,0,0,0,0,0,0,0,0,0,0,0,0,0,0,0,0,0,677,0,2856,44,0,0,78,0,0,2856,0,521,200,0,0,0,78,0,0,44,677,0,78,2856,6,3655,0.609469842,0.438465202,0.785624177
FR8,Feng,DOWN,Rapid,635,45.86,0.87,21.02,8.82,70.067,10.005,89.54,399,2.64,27.57,18.93,16.28,8.85,6.02,6.15,10.62,11,0,0,256,0,0,0,0,0,0,956,0,0,0,0,0,0,0,0,0,0,0,0,0,0,0,0,0,0,0,0,0,0,0,0,0,0,0,0,0,0,22,0,0,0,0,0,0,0,22,0,11,0,0,0,0,0,0,0,0,0,0,0,0,0,0,0,0,0,0,0,0,0,0,0,0,0,0,0,0,0,0,0,0,0,0,0,0,0,0,0,0,0,0,22,956,0,256,11,0,11,22,256,0,33,0,967,0,0,0,0,22,0,0,11,978,0,33,256,6,1278,0.699002364,0.42468744,0.760937742
FR9,Feng,DOWN,Rapid,671,16.7,0.87,21.84,9.16,92.045,16.381,38.67,399,1.8,19.2,17.64,17.34,10.21,7.78,4.91,17.89,0,0,0,0,0,0,0,167,44,0,0,0,0,0,0,0,0,0,0,0,0,0,0,0,0,0,0,0,0,0,0,0,0,0,0,0,0,0,0,0,0,0,0,0,0,0,0,0,0,0,0,0,0,0,0,0,11,0,0,0,0,0,0,0,0,0,0,0,0,0,0,0,0,0,0,0,0,0,0,0,0,0,0,0,0,0,0,0,0,0,0,0,0,0,11,0,0,211,0,0,0,0,11,0,167,0,0,44,0,0,0,0,0,0,0,0,0,11,211,3,222,0.370186827,0.622440527,0.683820812
CR1,Chan,UP,Rapid,883,13.28,0.87,14.28,8,27.006,3.73,4.48,622,17.88,24.62,26.21,20.2,5.96,2.42,0.79,0.49,0,0,0,0,0,0,0,0,0,256,0,0,0,0,0,0,333,0,0,100,0,0,133,0,0,0,56,0,0,0,0,0,0,0,0,0,0,0,0,0,11,0,0,0,0,0,0,178,0,0,0,0,0,56,0,0,0,0,0,0,0,0,0,0,0,144,11,11,0,0,0,0,22,0,0,0,0,0,0,33,11,0,0,0,0,0,0,0,0,0,0,0,0,0,189,422,0,566,111,0,0,67,300,67,633,22,56,133,144,0,0,0,0,0,111,611,0,67,566,14,1355,1.802662099,0.81917431,2.161847966
CR2,Chan,UP,Rapid,969,21.13,3.61,15.53,8.12,33.504,4.38,4.44,622,6.42,25.5,32.6,23.75,5.86,2.64,1.09,0.75,0,0,0,0,0,0,0,0,0,0,0,0,0,0,0,0,156,0,0,0,0,544,0,0,0,122,0,0,0,0,0,0,0,0,0,0,11,0,0,0,33,33,11,33,0,44,0,389,0,0,0,0,0,78,0,0,0,0,0,0,0,0,0,0,0,422,0,0,0,0,0,0,0,0,0,0,0,0,0,11,0,0,0,0,0,0,0,0,0,0,0,0,0,0,389,499,0,700,144,0,0,155,44,78,633,0,133,544,422,0,0,33,0,0,144,888,0,155,700,13,1887,1.590933051,0.750036976,1.923806859
CR3,Chan,UP,Rapid,910,40.91,3.06,13.14,8.6,25.021,4.23,9.97,621,30.01,26.4,12.58,7.78,6.01,9.07,3.81,2.49,0,0,0,0,0,0,0,100,0,0,0,0,0,0,0,0,756,0,0,0,0,0,0,0,0,0,278,0,0,0,0,600,0,0,0,0,0,0,0,0,11,689,0,0,0,0,0,1533,0,0,0,0,0,0,0,0,0,0,0,0,0,0,0,0,0,767,56,11,0,0,0,0,0,0,0,0,0,0,0,33,0,0,0,0,0,0,11,0,0,0,0,0,0,0,1533,1389,0,856,322,0,0,745,44,11,2445,11,278,600,767,0,0,689,0,0,322,2922,0,745,856,12,4845,1.296298093,0.745657216,1.852888575
CR4,Chan,MID,Rapid,1066,26.46,3.06,16.34,8.66,28.458,6.975,9.46,511,0.52,9.24,14.92,23.95,16.39,12.5,7.45,11.11,0,0,0,0,0,0,0,1144,0,0,0,0,0,0,0,0,422,0,0,0,0,0,0,0,0,11,0,0,0,0,0,0,0,1433,0,0,0,0,0,0,11,1733,0,22,22,0,0,4411,22,0,0,0,0,0,0,0,0,0,0,0,0,0,0,0,0,0,0,0,0,0,11,22,0,0,0,0,0,0,0,0,0,0,0,0,0,0,0,0,0,0,0,0,0,0,4433,1466,0,1566,33,0,0,1766,22,0,6043,0,11,1433,0,0,0,1733,0,0,33,5899,0,1766,1566,12,9264,1.204306003,0.577883414,1.435986338
CR5,Chan,MID,Rapid,1123,35.43,1.14,18.8,8.35,12.038,4.797,6,509,2.01,10.89,32.75,32.86,8.84,4.39,2.78,3.36,0,0,1289,0,0,0,0,267,0,0,0,0,0,0,0,0,378,0,0,0,0,0,0,0,0,0,67,0,0,0,0,0,0,0,0,0,0,0,0,0,0,2644,0,0,44,0,0,5656,0,0,33,0,0,0,0,0,0,0,0,0,0,0,0,0,0,0,0,0,0,0,0,11,0,0,0,0,0,0,0,0,0,0,0,0,0,0,0,0,0,0,0,0,0,0,5656,77,0,1934,78,0,0,2644,0,0,7667,0,67,0,0,0,0,2644,0,0,78,5733,0,2644,1934,9,10389,0.865004871,0.561653314,1.234078465
CR6,Chan,MID,Rapid,783,21.85,0.18,3.57,8.55,29.726,7.45,10.12,509,0.97,4.55,25.32,53.18,11.16,1.68,0.43,0.51,0,0,0,0,0,0,0,644,0,0,0,0,0,0,0,0,0,0,0,0,0,0,0,0,0,133,67,0,0,0,0,0,0,511,0,0,0,0,0,0,33,944,0,11,400,0,11,2700,0,0,0,0,0,22,0,11,0,0,0,0,0,0,0,0,0,11,33,11,0,0,0,33,0,0,0,0,0,0,0,67,0,0,0,0,0,0,0,0,0,0,0,0,0,0,2711,977,0,644,300,0,0,1010,111,33,3788,0,211,511,11,0,0,944,0,0,300,3677,0,1021,644,17,5642,1.85228193,0.589795067,1.671015255
CR7,Chan,DOWN,Rapid,807,13.84,0.59,21.57,8.75,88.175,4.857,9.84,428,31.77,31.15,13.2,9.23,4.01,2.77,2.04,2.91,244,0,0,0,0,0,0,922,0,0,0,0,0,0,0,0,0,0,0,0,0,0,0,0,0,0,0,0,0,0,0,0,0,67,0,0,0,0,0,0,0,389,0,33,0,0,0,500,0,0,0,244,0,0,0,0,0,0,0,0,0,0,0,0,0,0,0,0,0,0,0,0,0,0,0,0,0,0,0,0,0,0,0,0,0,0,0,0,0,0,11,0,0,0,500,67,0,922,255,0,244,422,11,0,1699,0,244,67,0,0,0,389,0,0,255,567,0,666,922,8,2410,0.898890022,0.786255922,1.634973227
CR8,Chan,DOWN,Rapid,615,41.81,0.04,22.27,8.74,48.211,7.322,16.05,428,0.71,18.78,17.84,20.82,12.51,10.23,6.2,12.91,0,0,0,0,0,0,0,933,0,0,0,0,0,0,0,0,56,0,0,0,0,0,0,0,0,0,156,0,0,0,0,0,0,0,0,0,0,0,0,0,0,222,0,133,0,78,0,0,0,0,0,33,0,89,0,0,0,0,0,0,0,0,0,0,0,0,0,0,0,0,0,11,0,0,44,0,0,0,0,0,0,0,0,0,0,0,0,0,0,0,0,0,0,0,0,78,0,989,167,44,33,444,0,89,1233,0,200,0,0,0,0,222,0,0,167,78,0,477,989,10,1755,1.204783128,0.697698513,1.606510196
CR9,Chan,DOWN,Rapid,683,58.06,0.32,19.08,8.85,101.292,5.832,9.68,427,42.84,22.66,11.21,8.48,4.37,2.86,1.94,1.85,0,0,0,0,0,0,0,200,0,0,0,0,0,0,0,0,0,0,0,0,0,0,0,0,0,0,11,0,0,0,0,0,0,200,0,0,0,0,0,0,0,222,0,11,22,0,0,0,0,0,0,422,0,0,0,0,0,44,0,0,0,0,0,0,0,0,0,0,0,0,0,22,0,0,0,0,0,0,0,0,0,0,0,0,0,0,0,0,0,0,0,0,0,0,0,266,0,200,33,0,422,233,0,0,699,0,11,200,0,0,0,222,0,0,33,266,0,655,200,9,1154,1.134592536,0.754009499,1.656728203
BR1,Ba,UP,Rapid,1069,34.64,2.24,19.29,8.02,323.897,30.175,21.24,616,1.65,7.79,18.06,34.81,22.78,9.85,2.98,1.16,56,0,0,0,0,0,0,0,0,0,0,0,0,0,0,0,56,0,0,0,0,0,0,178,0,0,0,0,0,0,0,178,0,0,0,0,0,0,0,0,0,1444,0,0,0,0,0,856,0,0,156,0,0,0,0,0,0,0,0,0,0,0,0,0,0,0,56,0,0,0,0,0,0,0,0,0,0,0,0,344,56,0,0,0,0,0,0,0,0,0,0,0,0,0,912,334,0,234,400,0,0,1500,344,0,1180,0,56,356,0,0,0,1444,0,0,400,1246,0,1500,234,10,3380,1.107606291,0.724165295,1.667452213
BR2,Ba,UP,Rapid,1024,32.82,1.41,19.02,8.43,215.412,13.123,9.83,613,4.05,18.33,23.53,25.9,15.6,7.35,2.16,1.58,0,0,0,0,0,0,0,0,0,0,0,0,0,0,0,0,0,0,0,0,0,0,0,0,0,0,0,0,0,0,0,0,0,0,0,0,0,0,0,0,0,0,0,0,0,0,0,0,0,0,0,0,0,0,0,0,0,0,0,0,0,0,0,0,0,0,44,0,0,0,0,0,0,0,0,0,0,0,0,1033,44,0,0,0,0,0,0,0,0,11,0,0,0,0,44,0,0,0,1033,0,0,55,1033,0,88,0,0,0,0,0,0,0,11,11,1044,44,0,44,0,4,1132,0.426636858,0.2748358,0.38100332
BR3,Ba,UP,Rapid,883,23.08,3.06,16.42,8.33,74.362,12.756,30.39,605,6.62,31.38,35.61,18.52,3.21,1.48,0.73,1.01,67,0,0,0,0,0,0,0,0,0,0,0,0,0,0,0,0,0,0,0,0,0,0,0,0,0,0,133,0,0,0,167,44,0,0,0,0,0,0,0,0,2000,0,0,0,122,0,0,0,256,0,144,0,0,0,0,0,0,0,0,0,0,0,0,0,0,56,0,0,0,0,0,0,0,0,0,0,0,0,344,78,0,0,0,0,0,0,0,0,0,0,0,0,0,334,333,133,0,411,0,144,2056,344,0,656,0,67,211,0,133,0,2000,0,0,411,667,133,2200,0,11,3411,1.229292448,0.647591168,1.552855801
BR4,Ba,MID,Rapid,847,43.4,2.24,16.21,6.82,91.2,19.1,51.18,536,8.92,5.72,21.37,43.1,13.76,4.2,0.91,0.67,0,0,0,0,0,0,0,0,0,0,0,0,0,0,411,0,111,0,0,0,0,0,0,0,0,0,0,0,0,0,0,0,0,0,0,0,0,0,0,0,0,0,0,0,0,0,0,322,0,0,0,0,0,0,0,0,0,0,0,0,0,0,0,0,0,0,0,0,0,0,0,0,0,0,0,0,0,0,0,0,33,0,0,0,0,0,0,0,0,0,0,0,0,0,355,411,0,111,0,0,0,0,0,0,466,0,411,0,0,0,0,0,0,0,0,766,0,0,111,4,877,0.442705955,0.79932759,1.108103331
BR5,Ba,MID,Rapid,865,30.19,1.96,17.21,8.41,51.5,27.7,45.17,535,15.02,14.74,16.29,31.3,12.26,5.97,1.37,1.12,0,0,0,0,0,0,0,11,0,0,0,0,0,0,178,0,56,0,0,0,0,0,56,0,0,0,11,0,0,0,0,0,0,0,0,0,0,0,0,0,0,0,0,0,0,0,0,667,0,0,133,44,0,0,0,0,0,0,0,0,0,0,0,0,0,0,33,0,0,0,0,0,0,0,0,0,0,0,0,0,100,0,0,0,0,0,0,0,0,0,0,0,0,0,767,311,0,123,11,0,44,33,0,0,1044,0,189,56,0,0,0,0,0,0,11,1078,0,77,123,10,1289,1.256698552,0.69918268,1.609927617
BR6,Ba,MID,Rapid,826,24.24,0.87,19.87,8.04,142,12.5,20.52,533,0.14,4.33,10.36,11.17,5.42,3.6,2.13,2.48,0,0,0,0,0,0,0,0,0,0,0,0,0,0,289,0,156,0,0,0,0,0,0,0,0,0,22,0,0,0,0,0,0,0,0,0,0,0,0,0,0,4356,0,0,0,0,0,3000,333,0,0,0,0,0,0,0,0,0,0,0,0,0,0,22,44,0,22,0,0,0,0,22,0,0,0,0,0,0,0,2067,311,0,0,0,0,0,0,0,0,0,0,0,0,0,3644,289,0,156,2133,0,0,4422,2067,0,3822,0,311,0,44,0,0,4356,0,22,2133,3977,0,4378,156,12,10644,1.186271393,0.598031424,1.486052262
BR7,Ba,DOWN,Rapid,601,40.1,1.69,12.75,7.85,111.676,14.43,46.75,443,26.99,25.14,18.03,13.78,5.26,3.15,2.56,1.93,0,0,0,0,0,0,0,56,0,0,0,0,0,0,22,0,0,0,0,0,0,0,0,0,0,0,0,67,0,0,0,0,0,0,0,0,0,0,0,0,11,11,0,0,0,0,0,1167,0,422,111,0,0,0,0,0,0,0,0,0,0,0,0,0,0,0,0,0,0,0,0,0,0,0,0,0,0,0,0,0,78,0,0,0,0,0,0,0,0,0,0,0,0,0,1667,144,67,56,0,0,0,11,11,0,1834,0,22,0,0,67,0,11,0,0,0,1811,67,11,56,9,1945,1.056382117,0.57246251,1.257828696
BR8,Ba,DOWN,Rapid,552,37.63,0.04,21.31,8.12,85.553,9.705,142.72,440,29.97,12.63,14.88,18.55,8.54,5.46,2.99,3.61,0,0,0,0,0,0,0,622,0,0,0,0,0,0,0,0,0,0,0,0,0,0,0,0,0,0,0,0,0,0,0,467,78,0,0,0,0,0,0,0,0,44,0,0,0,0,0,1067,0,0,0,0,0,0,0,0,0,0,0,0,0,0,0,0,0,0,0,0,0,0,0,0,0,0,0,0,0,0,0,33,22,0,0,0,0,0,0,0,0,0,0,0,0,0,1089,545,0,622,33,0,0,44,33,0,1711,0,0,545,0,0,0,44,0,0,33,1634,0,44,622,7,2333,0.773703343,0.680886663,1.324944268
BR9,Ba,DOWN,Rapid,531,32.93,5.26,22.91,8.21,83.153,22.367,44.29,437,25.24,18.51,15.99,16.9,8,5.72,3.41,3.37,0,0,0,0,0,0,0,2267,11,144,11,0,0,0,1111,0,133,0,0,0,0,0,0,0,0,0,178,0,0,0,0,0,0,0,0,0,0,0,0,0,33,0,44,22,1089,0,100,1044,0,0,133,0,0,33,0,0,0,0,0,0,0,0,0,0,0,0,0,0,0,0,0,56,0,0,0,0,0,0,0,0,0,0,0,0,0,0,0,0,0,0,0,0,0,0,1044,2621,0,2411,234,0,0,99,177,33,4732,0,1400,11,0,0,0,0,0,0,234,3665,0,99,2411,16,6409,1.711262445,0.667220253,1.849927349
JR1,Jing,UP,Rapid,310,9.86,0.87,6.97,8.65,190.693,5.56,35.23,1318,60.15,14.87,5.11,3.39,2.91,4.65,3.19,3.65,0,0,0,0,0,0,0,422,0,0,0,0,0,0,256,0,0,0,0,0,0,0,789,0,0,0,44,0,0,0,0,0,0,0,0,0,0,0,0,0,0,700,0,0,0,0,0,933,0,0,0,0,0,22,0,0,0,0,0,0,0,0,0,0,0,0,0,0,0,0,0,0,0,22,0,11,0,0,0,22,0,0,0,0,0,0,0,0,0,0,0,0,0,0,933,256,0,1211,99,0,0,722,22,22,1355,0,322,800,0,0,0,700,0,0,99,1189,0,722,1211,10,3221,1.114213418,0.730896538,1.682951472
JR2,Jing,UP,Rapid,387,11.77,2.79,20.45,8.65,132.872,8.806,23.7,1316,0.02,0.85,3.64,9.28,7.36,8.58,12.9,52.66,0,0,0,22,0,0,0,33,0,0,0,0,0,0,89,0,33,289,0,0,0,0,0,0,0,0,89,100,0,0,0,0,0,0,0,0,0,44,0,0,0,522,0,0,0,11,0,367,0,0,0,0,0,0,0,0,0,0,0,0,11,0,0,0,0,0,0,0,0,0,0,0,0,0,0,0,0,0,0,0,22,11,0,0,0,0,0,0,0,0,0,0,0,0,433,100,111,377,100,0,0,522,22,0,466,0,200,289,0,144,0,522,0,0,100,533,111,522,377,14,1643,1.755741483,0.743076535,1.961021577
JR3,Jing,UP,Rapid,407,9.6,1.41,23.92,8.43,78.416,6.109,34.11,1314,19.74,1.63,5.5,9.95,8.48,7.41,7.82,33.29,0,0,0,0,0,0,0,3511,0,0,0,0,0,0,300,0,67,0,0,0,0,0,0,0,0,0,44,0,0,0,0,0,0,0,0,0,0,222,0,0,0,767,0,0,0,0,0,178,0,0,0,0,0,0,0,0,0,111,0,0,0,0,0,0,0,0,11,0,0,0,0,0,0,0,0,0,0,0,0,0,11,0,0,0,0,11,144,0,0,0,0,0,0,0,411,411,0,3578,199,0,0,778,0,0,3889,155,344,0,0,222,0,767,0,0,199,822,0,778,3578,12,5377,1.280575802,0.511309774,1.270557057
JR5,Jing,MID,Rapid,312,13.05,0.87,19.36,8.62,492.454,23.314,117.84,852,0,0.38,1.42,2.25,1.43,1.17,8.8,81.23,0,0,0,0,0,0,0,0,0,0,0,0,0,0,0,0,0,0,0,0,0,0,0,0,0,0,0,0,0,0,0,0,0,0,0,0,0,0,0,0,0,0,0,0,0,0,0,144,0,0,0,0,0,0,0,0,0,0,0,0,0,0,0,0,0,0,0,0,0,0,0,0,0,0,0,0,0,0,0,0,0,0,11,0,0,0,0,0,0,11,0,0,0,0,155,0,0,0,0,0,0,11,0,0,144,0,0,0,0,0,11,0,11,11,11,155,0,0,0,3,166,0.391237241,0.43967385,0.483031095
JR6,Jing,MID,Rapid,377,14.47,0.32,9.47,9.2,167,29.4,45.84,852,39.02,29.82,12.08,6.46,3.58,3.64,1.58,2.29,0,0,0,0,0,0,0,0,0,0,0,0,0,0,0,0,0,0,0,0,0,0,0,0,0,0,0,0,0,0,0,0,0,0,0,0,0,0,0,0,0,22,0,0,0,0,0,211,0,0,0,0,178,0,0,0,0,0,0,0,0,0,0,0,0,0,0,0,0,0,0,0,0,0,0,0,0,0,0,0,0,0,0,0,0,0,0,0,0,0,0,0,0,0,389,0,0,0,0,0,0,22,0,0,389,0,0,0,0,0,0,22,0,0,0,389,0,22,0,3,411,0.332303568,0.784088794,0.861409584
JR7,Jing,DOWN,Rapid,597,73.5,0.32,18.68,9.05,77.2,34.2,58.11,415,15.58,37.98,15.2,9.96,5.49,2.55,3.45,7.26,0,0,0,0,0,0,0,0,0,0,0,0,0,0,0,0,67,0,0,0,0,0,56,0,0,0,0,0,0,0,0,0,0,0,0,0,0,0,0,0,0,0,0,0,0,0,0,0,0,0,0,22,0,0,0,0,0,0,0,0,0,0,56,0,0,0,0,0,0,0,0,0,0,0,0,0,0,0,0,0,0,0,0,0,0,0,0,0,0,0,0,0,0,0,56,0,0,123,0,0,22,0,0,0,89,0,0,56,0,0,0,0,0,0,0,56,0,22,123,4,201,0.565684993,0.952492953,1.32043561
JR8,Jing,DOWN,Rapid,202,8.01,0.04,10.57,9.45,218,39.653,82.04,412,1.37,16.82,33.39,42.26,5.71,0.33,0.08,0.03,0,0,0,33,0,0,0,0,0,44,0,0,0,0,0,0,189,333,0,0,0,0,0,0,0,0,78,11,0,0,0,0,0,0,0,0,0,0,0,0,0,0,0,0,0,0,0,0,0,22,0,433,0,0,0,0,0,0,0,0,0,0,0,0,0,0,0,0,0,0,0,0,0,122,0,0,0,0,0,11,0,0,11,0,0,0,0,0,0,0,0,0,0,0,33,44,11,555,211,0,433,0,88,0,644,0,200,333,0,11,11,0,0,0,211,77,11,433,555,11,1287,1.396634545,0.74743143,1.792262293
JR9,Jing,DOWN,Rapid,388,19.78,0.59,12.81,7.77,242,50.523,80.81,414,12,58.01,22.89,4.88,0.56,0.19,0.17,0.17,0,0,0,478,0,0,0,0,0,0,0,0,0,0,0,0,44,0,0,0,0,0,0,0,0,0,67,0,0,0,0,0,0,0,0,0,0,11,0,0,0,0,0,0,0,0,0,0,0,0,0,11,0,0,0,0,0,244,0,0,0,0,56,0,0,0,0,0,0,0,0,0,0,33,11,0,11,0,0,0,0,0,0,0,0,0,633,0,0,0,0,0,0,0,67,244,11,522,733,11,11,0,478,0,299,633,111,11,0,11,0,0,0,0,733,311,11,11,522,11,1599,1.355540023,0.659316857,1.580972775
WR1,Wei,UP,Rapid,774,142.57,1.03,6.59,8.33,202.067,19.2,137.07,428,0.06,0.17,2.82,41.1,32.17,16.21,4.36,1.54,0,0,0,0,0,0,0,122,0,0,0,0,0,0,644,0,0,0,0,0,0,133,0,0,0,0,100,0,0,0,0,89,0,267,0,0,0,0,0,0,0,244,0,0,22,0,0,644,0,0,0,0,0,0,0,11,0,0,0,0,0,0,0,0,0,0,0,0,0,0,0,0,0,0,0,0,0,0,0,0,0,0,0,0,0,0,0,0,0,0,0,200,0,0,855,1022,0,255,100,0,0,244,11,0,788,0,744,489,0,0,0,244,0,0,100,1866,0,255,255,11,2476,1.27968884,0.831099942,1.992890623
WR2,Wei,UP,Rapid,708,66.1,0,11.12,8.95,302.092,30.393,236.85,428,28.7,10.47,8.16,24.52,17.01,8.68,1.44,0.25,0,0,0,0,0,0,0,0,0,0,0,0,0,0,0,0,22,0,0,0,0,0,111,0,0,22,0,356,0,0,0,0,0,0,0,0,0,0,0,0,0,0,0,0,0,0,0,11,0,0,0,11,0,0,0,0,0,0,0,0,0,0,0,0,0,0,0,33,11,0,0,0,0,0,0,0,0,0,11,111,0,67,0,0,0,0,0,0,0,0,0,0,0,0,22,33,356,133,211,0,11,0,111,33,44,0,89,122,0,356,0,0,11,11,211,55,356,11,133,11,766,1.505756015,0.714041163,1.71219593
WR3,Wei,UP,Rapid,406,56.32,0,15.12,8.62,187.225,45.369,109.33,427,2.41,0.56,3.32,50.1,39.79,2.33,0.08,0.02,0,0,0,0,0,0,0,67,0,0,0,0,0,0,0,0,44,0,0,0,0,0,0,0,0,0,0,0,0,0,0,111,0,133,0,0,0,0,0,0,0,978,0,0,0,0,0,511,0,0,0,0,0,0,0,0,0,0,0,0,0,0,0,0,0,0,0,0,0,0,0,0,0,156,0,0,0,0,0,0,0,0,0,0,0,0,0,0,0,0,0,0,0,0,511,244,0,111,156,0,0,978,0,0,622,0,156,244,0,0,0,978,0,0,156,755,0,978,111,7,2000,0.78937995,0.737912033,1.435910514
WR4,Wei,MID,Rapid,653,9.38,0.26,12.76,8.78,77.606,10.458,72.41,392,5.4,2.43,2.34,22.96,51.47,14.12,1.16,0.11,0,0,0,0,0,0,0,0,0,0,0,0,0,0,0,0,89,0,0,0,0,0,0,0,0,0,22,156,0,0,0,0,0,0,0,0,0,0,0,0,0,0,0,0,0,0,0,0,0,0,0,0,1756,0,0,44,0,0,0,0,0,0,0,0,0,0,0,0,0,0,0,0,0,0,0,0,0,0,0,0,0,0,0,0,0,0,0,0,0,0,0,0,0,0,1800,0,156,89,22,0,0,0,44,0,1845,0,22,0,0,156,0,0,0,0,22,1756,156,44,89,5,2067,0.523981757,0.372346454,0.5992685
WR6,Wei,MID,Rapid,460,64.37,2.06,9.98,8.96,327.376,87.619,189.55,390,0,0.06,0.3,10.83,59.31,23,4.82,0.21,0,0,0,0,0,0,0,0,0,0,0,0,0,0,0,0,0,0,0,0,0,0,0,0,0,0,0,0,0,0,0,0,0,0,0,0,0,0,0,0,0,0,0,0,0,0,0,44,0,0,0,0,111,0,0,22,0,0,0,0,0,0,0,0,0,0,0,0,0,0,0,0,0,0,0,0,0,0,0,0,0,0,0,0,0,0,0,0,0,0,0,0,0,0,177,0,0,0,0,0,0,0,22,0,155,0,0,0,0,0,0,0,0,0,0,155,0,22,0,3,177,0.386387586,0.817227035,0.897815664
FP2,Feng,UP,Pool,1520,37.29,2.68,23.91,8.02,43.6,6.42,6.82,438,6.64,12.95,8.86,10.37,16.56,19.02,17.41,4.9,0,0,0,0,0,0,0,0,0,0,0,0,0,600,0,0,0,0,0,0,500,0,0,0,0,0,0,0,0,0,0,0,0,0,0,0,100,0,0,0,0,0,0,0,0,0,0,0,0,0,0,0,0,0,0,0,0,0,0,0,0,0,0,0,0,0,0,0,0,0,0,0,0,0,0,0,0,0,0,0,0,0,0,0,0,0,0,0,0,0,0,0,0,0,0,500,0,600,100,0,0,0,0,0,600,0,600,0,0,0,0,0,0,0,100,500,0,0,600,3,1200,0.28208439,0.835988997,0.918427785
FP3,Feng,UP,Pool,1788,28.3,1.96,16.64,8.13,51.808,9,9.5,438,0.48,15.86,22.35,19.07,9.61,8.63,4.66,2.21,0,0,0,0,0,0,0,0,0,0,0,0,0,0,0,0,0,0,0,0,0,0,0,0,0,0,0,0,0,0,0,0,0,0,0,0,0,0,0,0,200,0,0,0,0,0,0,0,0,0,0,0,0,0,0,0,0,0,0,0,0,0,0,0,0,0,0,0,0,0,0,0,100,0,0,0,0,0,0,0,0,0,0,0,0,0,0,0,0,0,0,0,0,0,0,200,0,0,100,0,0,0,200,0,0,100,0,0,0,0,0,0,0,0,100,200,0,0,0,2,300,0.175322254,0.918295834,0.636514168
FP4,Feng,MID,Pool,3418,87.4,4.16,47.11,7.41,24.722,6.316,14.53,423,0.49,4.88,13.26,28.95,17.18,21.76,4.55,4.15,0,0,0,0,0,13200,0,0,0,0,0,0,0,0,7300,0,0,0,0,0,0,0,0,0,0,0,0,0,0,0,0,0,0,0,0,0,0,0,0,0,0,0,0,0,0,0,0,0,0,0,0,0,0,0,0,0,0,1900,0,0,0,0,0,0,0,0,0,0,0,0,0,0,0,0,0,0,0,0,0,0,0,0,0,0,0,0,0,0,0,0,0,0,0,0,0,22400,0,0,0,0,0,0,13200,0,1900,0,7300,0,0,0,0,0,0,0,0,22400,0,0,0,3,22400,0.19966424,0.806744141,0.886299027
FP5,Feng,MID,Pool,2515,127.86,1.96,25.07,7.73,57.904,17.786,17.75,430,0.7,3.29,2.47,2.45,25.51,54.34,5.16,3.24,0,0,0,0,0,9500,0,0,0,0,0,0,0,0,0,0,0,0,0,0,0,0,0,0,0,0,0,0,0,0,0,0,0,0,0,0,0,0,0,0,50,0,0,0,0,0,0,0,0,0,0,0,0,0,0,0,0,250,0,0,0,0,0,0,0,0,0,0,0,0,0,0,0,0,0,0,0,0,0,0,0,0,0,0,0,0,0,0,0,0,0,0,0,0,0,9800,0,0,0,0,0,0,9550,0,250,0,0,0,0,0,0,0,0,0,0,9800,0,0,0,3,9800,0.217624596,0.137133623,0.150656683
FP6,Feng,MID,Pool,3890,242.37,4.99,63.79,7.35,21.717,7.549,15.35,428,0,9.34,6.66,8.1,14.46,34.59,15.68,5.92,0,0,0,0,533,31067,0,0,0,0,0,0,0,0,0,0,0,0,0,0,0,0,0,0,0,0,0,0,0,0,0,0,0,0,0,0,0,0,0,0,0,0,0,0,0,0,0,0,0,0,0,0,0,0,0,0,0,333,0,0,0,0,0,0,0,0,0,0,0,0,0,0,0,0,0,0,0,0,0,0,0,0,0,0,0,0,0,0,0,0,0,0,0,0,0,31400,0,0,533,0,0,0,31067,0,333,0,0,0,0,0,0,0,0,533,533,31400,0,0,0,3,31933,0.192838085,0.129844833,0.142649129
FP7,Feng,DOWN,Pool,1060,30.92,1.96,18.86,8.27,105.012,19.764,53.43,400,2.8,3.3,8.91,41.35,27.68,9.59,1.81,2.39,0,0,0,0,0,900,0,0,0,0,0,0,0,0,0,0,0,0,0,0,0,0,0,0,0,0,0,0,0,0,0,0,0,0,0,0,0,0,0,0,0,0,0,0,0,0,0,0,0,0,0,0,0,0,0,0,100,0,0,0,0,0,0,0,0,0,0,0,0,0,0,0,0,0,0,0,0,0,0,0,0,0,0,0,0,0,0,0,0,0,0,0,0,0,100,900,0,0,0,0,0,0,1000,0,0,0,0,0,0,0,0,0,0,0,0,900,0,100,0,2,1000,0.144764827,0.468995594,0.325082973
FP8,Feng,DOWN,Pool,722,93.43,0.45,24.24,8.48,70.135,31.929,106.91,399,8.41,30.54,16.74,12.48,6.46,4.15,4.48,12.81,0,0,0,0,0,0,0,0,0,2300,0,0,0,0,0,1900,0,0,0,0,0,0,0,0,0,0,0,0,0,0,0,0,0,0,0,0,0,0,0,0,0,0,0,0,0,0,0,0,0,0,0,0,0,0,0,0,0,300,0,500,0,0,0,0,0,0,0,0,0,0,0,0,0,0,0,0,0,0,0,0,0,0,0,0,0,0,0,5300,0,0,0,0,0,0,0,2600,0,1900,0,500,5300,0,4700,0,300,5300,0,0,0,0,0,0,0,0,5300,2600,0,0,1900,5,10300,0.432905157,0.769417028,1.238328936
FP9,Feng,DOWN,Pool,1073,70.19,0.04,22.74,8.82,48.866,16.548,40.96,399,1.41,23,17.87,16.26,9.45,6.61,5.85,16.26,0,0,0,0,0,0,0,0,1500,1500,0,1000,0,0,0,0,0,0,0,0,0,0,0,0,0,0,0,3200,0,0,0,0,0,0,0,0,300,0,0,0,0,0,0,0,0,0,0,0,0,0,0,0,0,0,0,0,100,0,0,100,0,0,0,0,0,0,0,0,0,100,0,0,0,100,0,0,0,0,0,0,0,0,0,0,0,0,0,0,0,0,0,0,0,0,100,2600,3200,1500,400,100,0,0,1700,100,0,0,1400,1500,0,3200,0,0,0,0,400,2600,3200,100,1500,9,7900,0.891402839,0.730032816,1.604046046
CP1,Chan,UP,Pool,965,18.8,2.51,13.15,7.72,6.88,1.76,4.9,622,13.7,24.87,22.42,19.16,7.73,4.98,2.7,2.5,0,0,0,0,50,8450,0,0,0,0,50,0,0,0,0,0,0,0,0,0,0,0,0,0,0,0,150,0,0,0,0,0,0,0,0,0,0,0,2950,0,850,0,0,0,0,0,0,0,0,0,0,0,0,3450,0,0,0,0,0,0,0,0,0,0,0,50,0,0,0,0,0,0,0,50,0,0,0,0,0,0,0,0,0,0,0,0,0,0,0,0,0,0,100,0,0,9400,0,2950,350,0,0,3450,12350,3450,0,0,250,0,50,0,0,0,0,50,350,9400,0,3450,2950,10,16150,0.928823691,0.556184676,1.280662543
CP2,Chan,UP,Pool,899,27.24,2.24,13.7,8.22,13.86,3.28,4.03,622,15.68,31.44,26.27,17.71,4.75,1.8,0.74,0.55,0,0,0,0,0,0,0,0,0,0,0,0,0,0,0,0,0,0,0,250,100,0,0,0,0,1200,0,2000,0,0,0,0,0,0,0,0,0,50,0,0,2350,0,0,0,0,0,0,0,0,0,0,0,0,0,0,0,0,350,0,0,0,0,0,0,0,150,100,0,0,0,0,0,0,0,0,0,0,0,0,0,0,0,0,0,0,0,0,0,0,0,0,0,0,0,50,2950,2000,250,1200,0,0,100,2350,0,700,0,1300,0,150,2050,0,0,0,0,1200,3000,2000,100,250,9,6550,0.910413043,0.716130558,1.573499662
CP3,Chan,UP,Pool,691,76.96,2.79,10.65,8.6,11.2,2.46,6.53,621,67.7,17.01,5.43,3.26,2.58,1.53,0.65,0.64,0,0,0,0,0,0,0,0,0,0,0,0,0,0,0,0,0,0,0,0,0,0,1100,0,0,1000,0,0,0,0,0,0,0,0,0,0,0,0,500,0,10900,0,0,0,0,0,0,0,0,0,0,0,0,0,0,0,0,0,0,0,0,0,0,0,0,0,100,0,0,0,0,0,0,0,0,100,0,0,0,100,0,0,0,0,0,0,0,0,0,0,0,0,0,0,0,10900,0,1600,1200,0,0,100,11500,0,100,0,1000,1200,0,0,0,0,0,0,1200,10900,0,100,1600,7,13800,0.629430676,0.413927243,0.805465224
CP4,Chan,MID,Pool,1817,92.11,6.36,55.48,8.25,11.7,4.67,6.67,512,4.67,7.36,10.09,8.62,5.89,10.45,15.04,29.48,0,0,0,0,0,17067,0,0,0,0,0,0,0,0,0,0,0,0,0,0,67,0,0,0,0,0,133,5200,0,0,0,0,0,0,0,0,0,0,0,0,1000,0,0,0,0,0,800,0,0,0,0,0,0,667,67,0,0,1267,133,0,0,0,0,0,0,0,0,0,0,0,0,0,0,67,0,0,0,0,0,0,0,0,1267,0,0,0,0,0,0,0,0,0,0,0,1267,20334,5200,0,200,0,0,734,18200,734,1267,0,1067,0,0,5200,1267,0,0,0,200,21601,5200,734,0,12,27735,1.075221475,0.523648012,1.301216427
CP5,Chan,MID,Pool,1347,34.19,1.41,27.09,8.35,37.084,7.917,11.51,510,19.82,29.97,27.01,9.67,3.06,2.82,2.13,3.46,0,2050,0,0,50,2900,0,0,0,0,0,0,0,0,0,0,0,0,0,0,0,4650,0,0,0,0,0,1100,100,0,0,50,0,0,0,0,0,0,0,0,2250,150,0,0,200,0,300,0,0,0,0,0,0,0,0,50,0,550,50,0,0,0,0,0,0,0,0,50,0,0,0,200,0,100,0,0,0,0,0,0,0,0,0,0,0,0,0,0,0,0,0,0,0,0,50,8500,1100,4650,350,0,0,150,5250,50,750,0,500,6750,0,1100,0,150,0,50,350,8500,1100,200,4650,17,14800,1.666253148,0.693348399,1.964403936
CP6,Chan,MID,Pool,1028,28.87,1.96,20.12,8.2,24.829,6.92,11.86,509,8.93,16.33,8.98,10.75,13.38,16.8,11.16,6.35,0,0,0,0,0,9300,0,0,0,0,0,0,0,0,0,0,0,0,0,0,0,0,0,0,0,0,0,6900,0,0,0,0,0,0,0,100,0,0,0,0,0,0,0,0,0,0,400,100,0,0,0,0,0,0,0,0,0,600,0,0,0,0,0,0,0,0,100,0,0,0,0,100,0,0,0,0,0,0,0,0,0,0,600,0,0,0,0,0,0,0,0,0,0,0,700,10300,6900,0,200,0,0,100,9300,0,800,0,500,0,0,6900,600,0,0,0,200,11000,6900,100,0,9,18200,0.815562825,0.516130209,1.13405398
CP7,Chan,DOWN,Pool,1238,11.72,0.87,14.89,8.94,15.243,4.326,7.79,428,4.86,13.8,22.37,29.57,14.18,9.19,2.42,2.11,0,0,0,0,0,0,0,0,2600,0,0,0,0,0,0,0,0,0,0,0,0,0,0,0,0,0,0,0,0,0,0,0,0,0,0,0,0,0,0,0,100,0,0,0,0,0,0,0,0,0,0,0,0,0,0,0,0,1800,0,0,0,0,0,0,0,0,0,0,0,0,0,0,0,0,0,0,0,0,0,0,0,0,0,0,0,0,0,0,0,0,0,0,0,0,0,1900,0,2600,0,0,0,0,100,0,1800,0,0,2600,0,0,0,0,0,0,0,1900,0,0,2600,3,4500,0.237760317,0.699116528,0.768058009
CP8,Chan,DOWN,Pool,1088,49.23,0.59,17.11,8.8,17.376,7.167,21.81,428,1.39,14.57,29.23,20.75,12.8,11.51,4.05,3.3,0,0,0,0,0,0,0,0,0,0,0,0,0,0,0,0,0,0,0,0,0,0,0,0,0,0,0,2267,0,0,0,0,0,0,0,0,0,0,0,0,0,0,0,0,0,0,0,0,0,0,0,0,0,0,400,0,0,267,0,0,0,0,0,0,0,0,0,0,0,0,0,0,0,0,0,0,0,0,0,0,0,0,0,0,0,0,0,0,0,0,0,0,0,0,0,267,2267,0,0,0,0,400,0,400,267,0,0,0,0,2267,0,0,0,0,0,267,2267,400,0,3,2934,0.250497176,0.627211457,0.689062215
CP9,Chan,DOWN,Pool,917,20.33,0.59,18.86,8.7,15.31,5.529,10.12,427,4.3,15.81,17.9,22.98,2.3,12.52,3.25,2.57,0,0,0,0,0,200,0,0,133,0,0,0,0,0,0,0,0,0,0,0,0,0,0,0,0,0,0,0,0,0,0,0,0,0,0,0,0,0,0,0,0,0,0,0,0,0,0,0,0,0,0,0,0,0,200,0,0,0,0,0,0,0,0,0,0,0,0,0,0,0,0,0,0,67,0,0,0,0,0,0,0,0,0,0,0,0,0,0,0,0,0,0,0,0,0,200,0,133,67,0,0,200,200,200,0,0,67,133,0,0,0,0,0,0,67,200,0,200,133,4,600,0.468974987,0.945806832,1.311166678
BP1,Ba,UP,Pool,1224,42.77,0.59,19.35,8.37,67.383,12.974,44.95,617,3.34,9.28,16.82,25.59,21.66,12.72,4.77,4.03,0,0,0,0,0,0,0,0,267,0,0,0,0,0,0,0,0,0,333,0,0,0,867,0,0,0,0,0,0,0,0,0,0,0,0,0,0,0,0,0,400,0,0,0,0,0,0,0,0,0,0,0,0,0,0,0,0,0,0,0,0,0,0,0,0,0,0,0,0,0,0,0,0,0,0,0,0,0,0,0,0,0,0,0,0,0,0,0,0,0,0,0,0,0,0,400,0,1467,0,0,0,0,733,0,0,0,0,1134,0,0,0,0,0,0,0,400,0,0,1467,4,1867,0.398295923,0.917477975,1.271894543
BP2,Ba,UP,Pool,867,31.69,1.69,20.67,8.27,116.696,12.473,18.45,615,0,5.73,21.54,46.44,15.75,5.42,2.36,2.75,0,0,0,0,0,0,0,0,0,0,0,0,0,0,0,0,0,0,0,0,0,0,0,0,0,0,0,267,0,0,0,0,0,0,0,0,0,0,0,0,2467,0,0,0,0,0,0,0,0,0,0,0,0,0,0,0,0,0,0,0,0,0,0,0,0,0,0,0,0,0,0,0,0,0,0,0,0,0,0,0,0,0,0,0,0,0,0,0,0,0,0,0,0,0,0,2467,267,0,0,0,0,0,2467,0,0,0,0,0,0,267,0,0,0,0,0,2467,267,0,0,2,2734,0.126366,0.461530911,0.31990885
BP3,Ba,UP,Pool,1104,74.81,2.79,15.34,8.4,79.129,19.462,27.5,604,24.02,21.07,20.24,17.42,8.64,4.43,1.51,1.43,0,0,0,0,0,0,0,0,0,0,0,0,0,0,0,0,0,0,0,0,0,0,0,0,0,0,0,0,0,0,0,0,0,0,0,0,0,0,0,0,600,0,0,0,0,0,0,0,0,0,0,0,0,0,0,0,0,0,0,0,0,0,0,0,0,0,533,0,0,0,0,67,0,0,0,0,0,0,0,0,0,0,0,0,0,0,0,0,0,0,0,0,0,0,0,600,0,0,67,0,0,533,600,0,533,0,0,0,0,0,0,0,0,0,67,600,0,533,0,3,1200,0.28208439,0.790215147,0.868140071
BP4,Ba,MID,Pool,763,65.23,1.96,15.81,7.62,30.1,7.44,47.4,535,3.84,20.19,32.91,32.55,7.21,1.43,0.37,0.36,0,0,0,0,0,0,0,0,0,0,0,0,0,0,0,0,0,0,0,0,0,0,0,0,0,0,0,0,0,0,0,0,0,0,0,0,0,0,0,0,0,0,0,0,0,0,0,0,0,0,0,0,0,0,0,0,0,0,0,0,0,0,0,0,0,0,50,0,0,0,0,0,0,0,0,0,50,0,0,0,0,0,0,0,0,0,0,0,0,0,0,0,0,0,0,0,50,0,0,0,0,50,0,0,50,0,0,50,0,0,0,0,0,0,0,0,50,50,0,2,100,0.217147241,1,0.693147181
BP6,Ba,MID,Pool,966,58.77,0.32,18.27,8.61,19.3,6.89,20.6,533,0.22,5.29,34.3,47.61,8.29,1.96,0.57,0.5,0,0,0,0,0,0,0,0,1067,0,0,0,0,0,67,0,0,0,0,0,200,0,0,0,0,0,0,1333,0,0,0,0,0,0,0,0,0,133,0,0,2867,0,0,0,0,0,0,0,0,0,0,0,0,0,0,0,0,0,0,0,0,0,0,0,0,0,0,0,0,0,0,0,0,0,0,0,0,0,0,0,0,0,133,0,0,0,0,0,0,0,0,0,0,0,266,3134,1333,1067,0,0,0,0,2867,0,0,0,267,1067,0,1466,133,0,0,0,0,3400,1333,0,1067,7,5800,0.692391855,0.687838904,1.338472704
BP7,Ba,DOWN,Pool,1379,121.77,0.87,22.24,7.97,47.526,8.993,45.82,443,0,0.32,4.91,58.08,22.05,7.88,1.84,2.67,0,0,0,0,0,0,0,0,0,0,0,0,0,0,0,0,0,0,0,0,0,0,0,0,0,0,0,0,0,0,0,0,0,0,0,0,0,0,0,0,800,0,0,0,0,0,0,0,0,0,0,0,0,50,0,0,0,0,0,0,0,0,0,0,0,0,0,0,0,0,0,100,0,0,0,0,0,0,0,0,0,0,0,0,0,0,0,0,0,0,0,0,0,0,0,800,0,0,100,0,0,50,800,50,0,0,0,0,0,0,0,0,0,0,100,800,0,50,0,3,950,0.29169563,0.488493136,0.536664562
BP8,Ba,DOWN,Pool,702,63.55,1.96,17.85,7.92,85.594,10.214,142.1,441,0.12,3.73,28.31,58.48,5.54,0.8,0.63,1.27,0,0,0,0,0,50,0,0,1500,0,0,0,0,0,0,0,0,0,0,0,0,0,0,0,0,0,0,0,0,0,0,0,0,0,0,0,0,0,0,0,0,0,0,0,0,0,0,0,0,0,0,0,0,0,0,0,0,0,0,0,0,0,0,0,0,0,0,0,0,0,0,150,0,0,0,0,0,0,0,0,0,0,0,0,0,0,0,0,0,0,0,0,0,0,0,50,0,1500,150,0,0,0,50,0,0,0,0,1500,0,0,0,0,0,0,150,50,0,0,1500,3,1700,0.268875622,0.389917023,0.428367633
BP9,Ba,DOWN,Pool,307,26.23,1.96,15.63,8.27,106.252,18.652,28.26,437,14.54,12.89,21.11,39.96,7.26,1.33,0.65,1.04,0,0,0,0,0,300,0,0,2800,0,0,0,0,0,0,0,0,0,0,0,0,0,0,0,0,0,0,0,0,0,0,0,0,0,0,0,0,0,0,0,1150,0,0,0,0,0,0,0,0,0,0,0,0,0,0,0,0,250,0,0,0,0,0,0,0,0,0,0,0,0,0,200,0,0,0,0,0,0,0,0,0,0,0,0,0,0,0,0,0,0,0,0,0,0,0,1700,0,2800,200,0,0,0,1450,0,250,0,0,2800,0,0,0,0,0,0,200,1700,0,0,2800,5,4700,0.473075064,0.695305018,1.119050256
JP1,Jing,UP,Pool,359,8.04,0.59,11.36,8.74,86.949,13.887,15.24,1319,45.72,16.26,6.38,4.1,2,2.11,3.52,16.73,0,0,0,0,0,0,0,400,0,0,0,0,0,0,200,0,0,0,0,0,0,0,1900,0,0,0,600,800,0,0,0,1600,0,0,0,0,0,600,0,0,0,1700,100,0,0,200,0,0,0,600,0,0,0,0,0,0,0,800,0,0,0,0,0,0,0,0,0,0,0,0,0,0,0,0,0,0,0,0,0,100,0,0,0,0,0,0,0,0,0,0,0,0,0,0,1200,2800,800,2300,700,0,0,1800,100,0,2100,0,800,3500,0,1400,0,1700,0,0,700,4000,800,1800,2300,13,9600,1.308683783,0.876668292,2.248609772
JP2,Jing,UP,Pool,289,8,0.04,3.99,8.95,57.388,11.947,14.76,1316,94.15,0.83,0.19,0.17,0.21,0.63,0.81,1.66,0,0,0,0,0,0,0,100,100,0,0,0,0,0,0,0,0,1100,0,0,0,0,0,0,0,0,1200,2500,0,0,0,0,0,0,0,0,0,100,0,0,0,10100,0,0,0,0,0,200,0,0,0,0,0,0,0,0,0,700,0,0,0,0,100,0,0,0,0,0,0,0,0,0,0,0,0,0,0,0,0,0,0,0,0,0,0,0,0,0,0,0,0,0,0,0,400,700,2500,1300,1200,0,0,10100,0,0,1000,0,1200,1200,0,2600,0,10100,0,0,1200,1100,2500,10100,1300,10,16200,0.928527473,0.553291559,1.274000897
JP3,Jing,UP,Pool,341,17.03,0.87,12.55,8.48,75.422,15.927,18.04,1315,44.67,7.68,3.93,3.62,2.83,3.86,6.73,26.69,0,0,0,0,0,0,0,0,0,0,0,0,0,0,0,0,100,0,0,0,0,0,0,0,0,0,700,500,0,0,0,0,0,0,0,0,0,200,0,600,0,2300,0,0,0,100,0,1400,0,0,0,0,0,0,0,0,0,300,0,0,0,0,0,0,0,0,0,0,0,0,0,0,0,0,0,0,0,0,0,0,0,0,0,0,0,0,0,0,0,0,0,0,0,0,1600,400,500,700,700,0,0,2300,0,0,1900,0,1300,0,0,700,0,2300,0,0,700,2000,500,2300,700,9,6200,0.916138453,0.805399588,1.769643768
JP7,Jing,DOWN,Pool,824,9.56,0.04,24.28,7.25,188.596,30.53,53.76,416,0.14,1.93,4.39,6.87,5.48,17.37,15.78,43.05,0,0,0,0,0,0,0,0,0,0,0,0,0,0,0,0,0,0,0,0,0,0,0,0,150,0,0,0,0,0,0,0,0,0,0,0,0,0,0,0,0,0,0,0,0,0,0,0,0,0,0,0,0,0,0,0,0,250,0,0,0,0,600,0,0,0,0,0,0,0,0,0,0,200,0,0,0,0,0,0,0,0,0,0,0,0,0,0,0,0,0,0,0,0,600,400,0,0,200,0,0,0,0,0,250,0,350,0,0,0,0,0,0,0,200,1000,0,0,0,4,1200,0.423126585,0.888646292,1.231925344
JP8,Jing,DOWN,Pool,569,22.05,0.04,6.33,8.7,121,123.57,66.4,414,53.72,12.53,6.8,5.7,3.58,2.16,3.78,10.3,0,0,0,0,0,0,0,0,0,1100,0,0,0,0,0,0,0,0,0,0,0,0,0,0,0,0,0,400,0,0,0,0,0,0,0,0,0,200,0,0,0,0,0,0,0,0,0,0,0,0,0,0,0,0,0,0,0,0,0,0,0,0,100,0,0,0,0,0,0,0,0,0,0,0,0,0,0,0,0,0,0,0,0,0,0,0,0,0,0,0,0,0,0,0,300,1100,400,0,0,0,0,0,1100,0,0,0,0,0,0,600,0,0,0,0,0,1400,400,0,0,4,1800,0.400237904,0.750136173,1.039909546
JP9,Jing,DOWN,Pool,628,28.52,0.32,24.36,8.02,255,12.5,73.77,413,0,0.36,2.38,6.73,5.85,3.02,4.25,77.41,0,0,0,0,0,0,0,0,0,0,0,0,0,0,0,0,0,0,0,0,0,0,0,0,0,0,0,700,0,0,0,0,0,0,0,0,0,0,0,0,0,0,0,0,0,0,0,0,0,0,0,0,0,0,0,0,0,4900,0,0,0,0,1500,0,0,0,0,0,0,0,0,0,0,200,0,0,0,0,0,0,0,0,0,0,0,0,100,0,0,0,0,0,0,0,1500,4900,700,0,300,0,0,0,0,0,4900,100,200,0,0,700,0,0,0,0,300,6400,700,0,0,5,7400,0.448972316,0.605996391,0.975313566
WP1,Wei,UP,Pool,1079,140.85,3.35,8.52,8.02,43.966,52.782,173.9,428,0,3.01,13.31,19.17,14.24,11.97,9.49,24.54,0,0,0,0,0,0,0,0,100,0,0,0,0,0,0,0,100,0,0,400,0,0,4600,0,0,0,1700,1500,0,0,0,0,0,0,0,0,0,0,0,0,0,0,0,0,0,0,0,0,0,0,0,0,100,0,0,0,0,0,0,0,0,0,0,0,0,0,0,0,0,0,0,0,0,0,0,0,0,0,0,0,0,0,0,0,0,0,0,0,0,0,0,0,0,0,100,0,1500,5200,1700,0,0,0,0,0,600,0,1700,4700,0,1500,0,0,0,0,1700,100,1500,0,5200,7,8500,0.66314306,0.647979228,1.260909356
WP2,Wei,UP,Pool,830,125.68,1.55,21.58,8.22,102.234,34.279,262.12,429,0.25,10.99,21.87,22.14,12.65,10.64,6.19,11.75,0,0,0,0,0,0,0,100,100,0,0,0,0,0,0,0,0,0,0,1500,0,0,0,0,0,0,0,200,0,0,0,0,0,0,0,0,0,0,0,0,0,0,0,0,0,0,0,0,0,0,0,0,0,0,0,0,0,4200,0,0,0,0,0,0,0,0,0,0,0,0,0,0,0,0,0,0,0,0,0,200,0,0,0,0,0,0,0,0,0,0,0,0,0,0,0,4200,200,1700,200,0,0,0,200,0,5800,0,0,100,0,200,0,0,0,0,200,4200,200,0,1700,6,6300,0.571539292,0.537221538,0.962571779
WP3,Wei,UP,Pool,596,110.49,0.26,18.47,9.12,94.222,13.115,104.23,427,37.61,6.81,3.96,28.06,18.6,2.67,0.49,0.16,0,0,0,0,0,0,0,0,0,0,0,0,0,0,0,0,0,0,0,0,0,0,0,0,0,0,0,0,0,0,0,0,0,0,0,0,0,0,0,0,0,0,0,0,0,0,0,0,0,0,0,0,0,0,0,0,0,500,0,0,0,0,0,0,0,0,0,0,0,0,0,0,0,0,0,0,0,0,0,200,0,0,0,0,0,0,0,0,0,0,0,0,0,0,0,500,0,0,200,0,0,0,200,0,500,0,0,0,0,0,0,0,0,0,200,500,0,0,0,2,700,0.152646579,0.863120569,0.598269589
WP4,Wei,MID,Pool,998,20.95,1.81,37.25,7.72,52.394,23.874,73.75,393,0,1.45,8.49,14.58,8.33,3.76,6.61,56.78,0,0,0,0,0,400,0,0,0,0,0,0,0,0,0,0,0,0,0,0,0,0,0,0,500,0,0,0,0,0,0,0,0,0,0,0,300,0,0,0,0,0,0,0,0,0,0,0,0,0,0,0,0,0,0,0,0,700,200,0,0,0,0,0,0,0,0,0,0,0,0,0,0,0,0,0,0,0,0,0,0,0,0,0,0,0,0,0,0,0,0,0,0,0,0,1800,0,0,300,0,0,0,600,0,700,0,800,0,0,0,0,0,0,0,300,1800,0,0,0,5,2100,0.522896827,0.947953014,1.52567152
FB1,Feng,UP,Bench,2223,39.89,1.41,15.66,8.73,18.9,3.16,7.44,445,2.82,16.65,26.62,28.51,12.92,7.69,1.76,2.2,0,0,0,0,0,0,0,0,0,0,0,0,0,0,0,0,0,0,0,0,0,0,0,0,0,0,0,32,0,0,0,0,0,0,96,0,0,0,0,0,0,0,0,0,0,0,0,0,0,0,0,0,0,144,0,80,0,0,0,0,0,0,0,16,0,0,0,128,0,0,0,0,0,0,0,0,0,0,0,96,0,0,0,0,0,0,0,0,0,0,0,0,0,0,80,128,32,96,112,0,0,144,272,272,0,0,0,0,0,32,0,0,0,16,112,128,32,224,96,7,592,0.939922263,0.920278202,1.790778694
FB2,Feng,UP,Bench,2293,31.1,1.69,14.79,8.17,8.9,2.49,3.4,441,12.28,11.53,9.63,15.41,14.28,15.13,8.37,10.77,0,0,0,0,0,0,0,0,0,0,0,0,0,0,0,0,0,0,0,0,0,0,0,0,0,0,0,0,0,0,0,0,0,0,0,0,0,0,0,0,0,0,0,0,0,0,0,0,0,0,0,0,0,0,0,0,0,0,0,0,0,0,0,0,0,0,0,64,0,0,0,0,0,0,0,0,0,16,0,16,0,0,0,0,0,0,0,0,0,0,0,0,0,0,0,80,0,0,16,0,0,0,32,64,0,0,0,0,0,0,0,0,0,0,16,80,0,0,0,3,96,0.438178666,0.789690082,0.867563228
FB3,Feng,UP,Bench,2284,150.08,1.96,31.08,8.02,9.19,3.91,12.5,438,46.18,6.76,5.2,6.65,6.37,11.06,5.53,8.34,0,0,0,0,0,0,0,0,0,0,0,0,0,0,0,0,0,0,0,0,0,0,0,0,0,0,0,0,0,0,0,0,0,0,0,0,0,0,0,0,0,0,0,0,0,0,0,0,0,0,0,0,0,0,0,0,0,0,0,0,0,128,0,16,0,0,16,16,0,0,0,0,0,16,0,16,16,0,0,0,0,0,0,0,0,0,0,0,0,0,0,0,0,0,0,16,144,0,48,0,0,16,0,16,16,0,144,32,0,0,0,0,0,16,48,16,144,16,0,7,224,1.108719961,0.745566295,1.45080502
FB4,Feng,MID,Bench,1408,61.99,1.83,26.3,7.61,40.222,3.57,15.1,423,0,1.01,2.14,3.06,14.21,61.33,10.2,4.43,0,0,0,0,0,96,0,0,0,0,0,0,0,0,0,0,0,0,0,0,0,0,0,0,0,0,0,0,0,0,0,0,0,0,0,0,0,0,0,0,0,0,0,0,0,0,0,0,0,0,0,0,0,0,0,0,0,0,0,0,0,0,0,0,0,0,0,0,0,0,0,0,0,0,0,0,0,64,16,16,0,16,0,0,0,0,0,0,0,0,0,0,0,0,0,160,0,0,48,0,0,0,176,0,0,0,16,16,0,0,0,0,0,0,48,160,0,0,0,5,208,0.749409173,0.814838104,1.311431337
FB5,Feng,MID,Bench,2805,118.18,1.69,21.18,8.12,19.633,3.333,17.85,431,0.27,6.1,8.22,7.75,5.57,16.21,21.26,30.08,0,0,0,0,0,80,0,0,0,0,0,0,0,0,0,0,32,0,0,0,0,0,0,0,288,0,0,0,0,0,0,0,0,0,0,0,0,0,0,0,0,0,0,0,0,0,0,0,0,0,0,0,0,0,16,0,0,48,0,0,0,0,0,0,0,0,0,16,0,0,0,0,0,0,0,0,16,48,64,240,0,48,0,0,0,0,0,0,0,0,0,0,0,32,0,480,48,32,352,0,0,16,368,32,80,0,368,80,0,0,0,0,0,0,352,480,48,16,32,12,928,1.60982715,0.809062403,2.010444545
FB6,Feng,MID,Bench,1965,57.69,0.59,22.18,8.2,61.085,14.255,25.26,429,0.22,0.45,0.23,0.42,51.21,40.84,4.33,1.31,0,0,0,0,0,0,0,0,0,0,0,0,0,0,0,0,0,0,0,0,0,0,0,0,0,0,0,0,0,0,0,0,0,0,0,0,0,0,0,0,0,0,0,0,0,0,0,0,0,0,0,0,0,0,0,0,0,944,0,0,0,0,0,112,0,0,0,16,0,0,0,0,0,0,0,0,64,0,80,416,0,0,0,0,0,0,0,0,0,0,0,0,0,0,0,960,64,0,608,0,0,0,416,16,944,0,0,144,0,0,0,0,0,112,608,960,64,0,0,6,1632,0.675898399,0.652487515,1.169100684
FB8,Feng,DOWN,Bench,1333,63.83,1.96,13.95,8.75,31.08,8.086,106.91,399,0.38,8.12,55.1,26.52,4.59,2.49,1.12,0.82,0,0,0,0,0,0,0,0,0,0,0,0,0,0,0,0,0,0,0,0,0,0,0,0,0,0,0,0,0,0,0,0,0,0,0,0,0,0,0,0,0,0,0,0,0,0,0,0,0,0,0,0,0,0,0,64,0,1344,0,0,0,0,0,64,0,0,0,0,0,0,0,0,0,0,0,0,0,0,0,32,0,0,0,0,0,0,0,0,0,0,0,0,0,0,64,1344,0,0,96,0,0,0,96,0,1344,0,0,0,0,0,0,0,0,64,96,1344,0,64,0,4,1504,0.410066672,0.325407918,0.451111161
FB9,Feng,DOWN,Bench,862,103.12,0.32,19,8.42,35.794,5.784,33.29,399,0,3.67,17.58,19.54,11.93,12.34,8.18,24.25,0,0,0,0,0,0,0,0,0,0,0,0,0,0,0,0,0,0,0,0,0,0,0,0,0,0,0,0,0,0,0,0,0,0,0,0,0,0,0,0,0,0,0,0,0,0,0,0,0,0,0,0,0,0,0,0,0,0,0,0,0,0,0,128,0,0,0,32,0,0,0,0,0,0,0,384,0,0,0,0,0,0,0,0,0,0,0,0,0,0,0,0,0,0,0,32,0,0,512,0,0,0,0,32,0,0,0,384,0,0,0,0,0,128,512,32,0,0,0,3,544,0.317513274,0.685387093,0.752974683
CB1,Chan,UP,Bench,993,30.98,1.41,12.81,8.25,3.63,0.93,3.56,622,5.15,19.29,20.29,16.69,11.35,15.45,7.36,3.24,0,0,0,0,48,0,0,0,0,0,0,0,0,0,0,0,0,0,0,0,0,0,0,0,0,0,16,112,0,0,0,0,0,0,0,0,0,0,0,0,0,0,0,0,0,0,0,0,0,0,0,0,0,32,0,0,0,256,0,0,0,0,0,0,0,0,0,16,32,0,0,0,0,32,0,0,208,16,0,96,0,0,0,0,16,0,0,0,0,0,0,0,0,0,32,304,320,0,192,0,0,32,112,48,256,0,64,208,0,112,0,0,32,80,192,336,320,32,0,12,880,1.622437566,0.811231617,2.01583484
CB2,Chan,UP,Bench,1487,54.64,4.99,34.43,7.5,9.56,1.43,3.23,622,30.91,13.26,9.05,11.75,9.38,8.43,5.73,7.13,0,0,0,0,0,0,0,0,0,0,0,0,0,0,0,0,0,0,0,48,0,0,0,0,0,0,32,592,0,0,0,0,0,0,0,0,0,0,0,0,0,0,0,0,0,0,0,0,0,0,0,0,0,112,48,0,0,688,0,0,0,0,0,0,0,0,0,32,0,0,0,0,0,0,0,0,0,0,432,16,0,0,0,0,0,0,0,0,0,0,0,0,0,0,0,720,592,48,480,0,0,160,16,192,736,0,32,432,0,592,0,0,0,0,480,720,592,160,48,9,2000,1.052506599,0.714466505,1.569843364
CB3,Chan,UP,Bench,2229,121.6,8.28,48.11,8.05,11.9,1.75,7.23,621,6.19,22.76,16.65,10.62,5.5,6.01,51,16.43,0,0,0,0,0,0,0,0,0,0,0,0,0,0,0,0,0,0,0,0,0,0,0,0,0,0,0,0,0,0,0,0,0,0,0,0,0,0,0,0,0,0,0,0,0,0,0,0,0,0,0,0,0,112,0,0,0,880,0,16,0,0,0,0,0,0,0,0,0,0,0,0,0,0,0,32,0,0,0,0,0,0,0,0,0,0,0,0,0,0,0,0,0,0,0,880,0,0,32,16,0,112,16,112,880,0,0,32,0,0,0,0,0,0,32,880,0,112,0,4,1040,0.431842575,0.398674147,0.552679722
CB4,Chan,MID,Bench,1625,24.54,1.69,18.03,8.76,16.69,0.983,7.03,511,2.56,6.93,9.01,25.15,17.27,19.83,10.03,7.62,0,0,0,0,0,0,0,0,0,0,0,0,0,0,0,0,0,0,0,0,0,0,0,0,0,0,0,0,0,0,0,0,0,0,0,0,0,0,0,0,0,0,0,0,0,0,0,0,0,0,0,0,0,112,0,0,0,0,0,0,0,0,0,0,0,0,0,64,0,0,0,0,0,0,0,0,0,16,32,336,0,0,0,0,0,0,0,0,0,0,0,0,0,0,0,80,0,0,368,0,0,112,352,176,0,0,0,32,0,0,0,0,0,0,368,80,0,112,0,5,560,0.632117566,0.709198229,1.141410517
CB5,Chan,MID,Bench,1017,57.71,3.47,13.77,8.65,30.546,5.546,11.53,509,6.54,23.99,29.04,17.6,6.5,7.53,4.12,3.37,0,0,0,0,0,64,0,21,0,0,0,0,0,0,0,0,0,0,0,0,0,0,0,0,0,0,0,0,0,0,0,0,0,0,0,0,0,0,0,0,0,0,0,0,0,0,0,0,0,0,0,0,0,1685,0,0,0,0,64,0,0,0,0,0,0,0,0,43,43,0,0,0,0,0,0,0,0,0,0,0,0,0,0,0,0,0,0,0,0,0,0,0,0,21,43,171,21,21,0,0,0,1685,128,1728,21,0,21,0,0,0,0,0,43,43,0,214,21,1685,21,7,1941,0.792502024,0.315809939,0.614537765
CB6,Chan,MID,Bench,987,91,2.51,13.22,8.52,8.678,3.651,7.69,510,13.51,35.87,23.8,14.6,4.19,1.78,1.52,2.11,0,0,0,0,0,0,0,0,0,0,0,0,0,0,0,0,0,0,0,0,0,0,0,0,0,0,0,0,0,0,0,0,0,0,0,0,0,0,0,0,0,0,0,0,0,0,0,0,0,0,0,0,0,661,0,0,0,0,0,0,0,0,0,0,0,0,0,128,0,0,0,0,0,0,0,0,21,0,85,0,0,128,0,0,0,0,0,0,0,0,0,0,0,0,0,128,21,0,213,0,0,661,0,789,0,0,128,106,0,0,0,0,0,0,213,128,21,661,0,5,1023,0.577159371,0.676510923,1.088802328
CB7,Chan,DOWN,Bench,1139,13.84,0.87,20.76,8.62,45.521,6.343,7.44,428,0.19,2.24,3.62,2.82,6.24,53.49,19.69,9.57,0,0,0,0,0,64,0,0,0,0,0,0,0,0,0,0,0,0,0,0,0,0,0,0,0,0,0,0,0,0,0,0,0,0,0,0,0,0,0,0,0,0,0,0,0,0,0,0,0,0,0,0,0,0,0,0,0,96,16,0,0,0,0,0,0,0,0,0,0,0,0,0,0,0,0,0,0,64,0,16,0,0,0,0,0,0,0,0,0,0,0,0,0,0,0,240,0,0,16,0,0,0,160,0,96,0,0,0,0,0,0,0,0,0,16,240,0,0,0,5,256,0.72134752,0.874548642,1.407531741
CB8,Chan,DOWN,Bench,1258,16.94,0.04,19.27,8.61,22.354,3.121,11.6,427,0.21,2.13,5,10.47,13.22,36.75,19.35,10.01,0,0,0,0,32,0,0,0,0,0,0,0,0,0,0,0,64,0,0,0,0,0,0,0,0,0,0,0,0,0,0,0,0,0,0,0,0,0,0,0,0,0,0,0,0,0,0,1760,0,0,0,0,0,192,0,0,0,384,0,0,0,0,0,0,32,0,0,0,0,0,0,0,0,0,0,0,0,32,0,0,0,0,0,0,0,0,0,0,0,0,0,0,0,0,1760,416,0,64,32,0,0,224,32,192,2208,0,0,0,32,0,0,0,0,32,32,2208,0,192,64,7,2496,0.767023636,0.510368469,0.993131184
CB9,Chan,DOWN,Bench,1058,15.33,0.32,19.72,8.73,19.853,4.651,8.03,427,4.61,31.86,19.52,13.41,5.78,6.11,7.4,8.15,0,0,0,0,0,0,0,0,0,0,0,0,0,0,0,0,0,0,0,0,0,0,0,0,0,0,0,0,0,0,0,0,0,0,0,0,0,0,0,0,0,0,0,0,0,0,0,0,0,0,0,0,0,0,144,0,0,0,0,0,0,0,0,0,0,16,0,0,0,0,0,0,0,0,0,0,0,0,0,0,0,0,0,0,0,0,0,0,0,0,0,0,0,0,0,16,0,0,0,0,0,144,0,144,0,0,0,0,16,0,0,0,0,0,0,16,0,144,0,2,160,0.197037587,0.468995594,0.325082973
BB1,Ba,UP,Bench,950,83.08,0.32,16.48,8.33,59.778,16.633,40.46,617,3.46,6.53,12.09,31.31,22.68,11.98,4.81,5.55,0,0,0,0,32,0,0,0,0,0,0,0,0,0,0,0,0,0,0,0,0,0,256,0,0,0,0,0,0,0,0,0,0,0,0,0,0,0,0,0,0,0,0,0,0,0,0,0,0,0,0,0,0,0,0,0,0,0,0,0,0,0,0,0,0,0,0,0,0,0,0,0,0,0,0,0,0,0,416,0,0,0,0,0,0,0,0,0,0,0,0,0,0,0,0,0,0,256,448,0,0,0,0,0,0,0,0,672,0,0,0,0,0,32,448,0,0,0,256,3,704,0.305027849,0.745695281,0.81923
BB2,Ba,UP,Bench,1309,37.51,3.89,20.72,8.37,97.487,23.5,11,613,2.11,3.96,9.39,25.25,27.44,20.99,5.58,3.92,0,0,0,0,64,0,0,32,0,0,0,0,0,0,0,0,32,0,0,0,0,0,0,0,64,0,0,0,0,0,64,0,0,0,0,0,0,256,0,0,0,0,0,0,0,0,0,0,0,0,0,0,0,0,0,0,0,0,0,0,0,0,0,0,0,0,0,0,0,0,0,0,0,0,0,0,0,0,384,0,0,0,0,0,0,0,0,0,32,0,0,0,0,0,256,160,0,64,448,0,0,0,0,0,64,0,96,448,0,256,0,0,0,64,448,416,0,0,64,8,928,1.024435459,0.780021826,1.622009788
BB3,Ba,UP,Bench,892,16.78,1,18.76,8.42,54.798,6.926,16.38,605,9.01,16.87,24.58,25.47,8.69,6.16,3.99,3.76,0,0,0,0,704,0,0,0,0,0,0,0,0,0,0,0,0,0,0,0,0,0,0,0,0,0,0,0,0,0,0,64,0,0,0,0,0,0,0,0,0,0,0,0,0,0,0,0,0,0,0,0,0,0,0,0,0,0,0,0,0,0,0,512,64,0,0,0,0,0,0,0,0,0,0,0,0,0,0,1920,0,64,0,0,0,0,0,0,0,0,0,0,0,0,0,64,0,0,3200,0,0,64,1920,0,0,0,64,64,64,0,0,0,0,1216,3200,128,0,0,0,6,3328,0.616513172,0.648442673,1.1618533
BB4,Ba,MID,Bench,1053,98.75,1.14,19.52,7.42,41.5,11.2,56.75,535,0.76,16.94,17.56,26.87,14.9,8.82,4.78,6.7,0,0,0,224,32,0,0,32,0,0,0,0,0,0,0,0,80,0,0,48,0,0,0,0,0,0,0,0,0,0,0,0,0,0,0,0,0,0,0,0,0,0,0,0,0,0,0,0,0,0,0,0,0,0,0,0,0,0,0,0,0,0,0,0,0,0,0,0,0,0,0,0,0,0,0,0,0,0,160,352,0,0,0,0,0,0,0,0,0,0,0,0,0,0,0,0,0,384,544,0,0,0,576,0,160,0,0,160,0,0,0,0,0,32,544,0,0,0,384,7,928,0.878087536,0.827681941,1.610594689
BB6,Ba,MID,Bench,2796,70.92,0.87,23.94,8.12,8.86,3.1,24.3,533,0.53,21.18,17.44,21.07,13.01,9.73,6.09,7.97,0,0,0,0,16,0,0,0,0,0,0,0,0,0,0,0,0,0,0,0,0,0,0,0,0,0,0,0,0,0,0,0,0,0,0,0,0,0,0,0,0,0,0,0,0,0,0,0,0,0,0,0,0,0,0,0,0,0,0,0,0,0,0,0,0,0,0,16,0,0,0,0,0,0,0,0,192,80,16,0,0,0,0,0,0,0,0,0,0,0,0,0,0,0,0,96,192,0,32,0,0,0,80,16,0,0,0,208,0,0,0,0,0,16,32,96,192,0,0,5,320,0.693442685,0.68497753,1.102428806
BB7,Ba,DOWN,Bench,1237,42.22,0.04,25.35,7.92,82.189,25.775,50.47,442,3.21,14.63,17.99,24.85,14.23,8.54,5.65,7.05,0,0,0,0,0,0,0,0,0,0,0,0,0,0,0,0,0,0,0,0,0,0,0,0,0,0,0,0,0,0,0,0,0,0,0,0,0,0,0,0,0,0,0,0,0,0,0,0,0,0,0,0,0,0,0,0,0,96,0,0,0,0,0,0,0,0,0,0,0,0,0,0,0,0,0,0,0,0,160,0,0,0,0,0,0,0,0,0,0,0,0,0,0,0,0,96,0,0,160,0,0,0,0,0,96,0,0,160,0,0,0,0,0,0,160,96,0,0,0,2,256,0.18033688,0.954434003,0.661563238
BB8,Ba,DOWN,Bench,921,23.05,0.73,16.44,7.93,23.3,6,134.72,441,0.74,5.56,18.94,51.31,17.47,3.75,0.76,0.39,0,0,0,0,0,0,0,448,0,0,0,0,0,0,0,0,32,0,0,0,0,0,0,0,0,0,0,0,0,0,0,0,0,0,0,0,0,32,0,0,0,0,0,0,0,0,0,0,0,0,0,0,0,0,0,0,0,0,0,0,0,0,0,0,0,0,0,0,0,0,0,0,0,0,0,0,0,0,0,0,0,0,0,0,0,0,0,0,0,0,0,0,0,0,32,0,0,480,0,0,0,0,0,0,480,0,0,0,0,32,0,0,0,0,0,32,0,0,480,3,512,0.320598898,0.421817199,0.463413559
BB9,Ba,DOWN,Bench,1440,114.86,1.41,12.86,7.82,125.918,27.442,54.06,438,21.11,14.5,19.66,29.65,9.55,2.42,0.99,1.03,0,0,0,0,16,0,0,304,16,0,0,0,0,0,0,0,96,0,0,0,0,0,0,0,0,0,0,0,0,0,0,128,0,0,0,0,0,0,0,0,0,0,0,0,0,0,0,0,0,0,0,0,0,0,48,0,0,128,0,0,0,0,0,0,0,0,0,32,64,0,0,0,0,0,0,32,0,96,0,0,0,0,0,0,0,0,0,0,0,0,0,0,0,0,64,384,0,416,48,0,0,48,96,80,528,0,0,176,0,0,0,0,64,80,48,448,0,48,416,11,960,1.456254136,0.857213916,2.055509197
JB1,Jing,UP,Bench,372,12.39,0.04,18.79,8.31,44.752,11.4,70.72,1318,17.62,10.26,5.98,4.6,2.07,1.8,7.1,46.86,0,0,0,0,0,0,0,0,0,0,0,0,0,0,0,0,0,0,0,0,0,0,0,0,0,0,0,0,0,0,0,0,0,0,0,0,0,0,0,0,0,0,0,0,0,0,0,0,0,0,0,0,0,0,0,0,0,0,0,0,0,0,0,64,0,0,0,0,0,0,0,0,0,0,0,0,0,0,48,96,0,112,160,0,0,0,0,0,0,0,0,0,0,0,160,0,0,0,320,0,0,0,96,0,0,0,112,48,0,0,160,0,0,64,320,160,0,0,0,5,480,0.647900645,0.948511858,1.526570945
JB2,Jing,UP,Bench,467,7.88,0.32,17.47,8.35,298.953,51.074,46.17,1316,7.97,1.44,4.19,7.55,4.15,3.43,7.28,58.47,0,0,0,0,0,0,0,0,0,0,0,0,0,0,0,0,0,0,0,0,0,0,0,0,0,0,0,0,0,0,0,0,0,0,0,0,0,0,0,0,0,0,0,0,0,0,0,0,0,0,0,0,0,0,16,0,0,0,0,0,0,0,0,0,0,0,0,0,0,0,0,0,0,0,0,0,0,0,0,176,0,0,0,0,0,0,0,0,0,0,0,0,0,0,0,0,0,0,176,0,0,16,176,16,0,0,0,0,0,0,0,0,0,0,176,0,0,16,0,2,192,0.190204637,0.41381685,0.286835983
JB8,Jing,DOWN,Bench,649,22.68,0.87,19.82,7.75,386,13.9,78.49,415,0,1.31,4.78,12.01,9.93,8.63,8.12,51.41,0,0,0,0,0,32,0,0,96,32,0,0,0,0,0,0,0,0,0,0,0,0,0,0,0,0,64,32,64,0,0,0,0,0,0,0,0,0,0,0,0,0,0,0,0,0,0,0,0,0,0,0,0,0,0,0,0,0,0,0,0,0,0,0,0,0,0,0,0,0,0,0,0,0,0,0,0,0,0,0,0,0,0,0,0,0,0,0,0,0,0,0,0,0,0,128,32,96,64,0,0,0,64,0,0,0,128,96,0,32,0,0,0,0,64,128,32,0,96,6,320,0.866803356,0.946411928,1.695742534
JB9,Jing,DOWN,Bench,499,12.79,0.59,19.91,8.02,585,17.6,68.01,414,0.07,4.39,9.47,7.85,4.61,5.6,26.19,38.68,0,0,0,0,0,0,0,0,0,0,0,0,0,0,0,0,0,0,0,0,0,0,0,0,240,0,0,80,0,0,0,0,0,0,0,0,0,0,0,0,0,0,0,0,0,0,0,0,0,0,0,0,0,0,0,0,0,32,0,0,0,0,64,0,0,0,0,0,0,0,0,0,0,0,0,0,0,0,0,0,0,0,0,0,0,0,0,0,0,0,0,0,0,0,64,272,80,0,0,0,0,0,0,0,32,0,240,0,0,80,0,0,0,0,0,336,80,0,0,4,416,0.497455906,0.807662178,1.119657523
WB1,Wei,UP,Bench,930,133.33,0.26,16.23,8.44,154.316,35.884,135.26,428,0.19,2.2,2.19,1.57,1.02,17.53,42.78,32.52,0,0,0,0,0,0,0,16,80,0,0,0,0,0,0,0,0,0,0,16,0,0,0,0,0,0,0,240,0,0,0,0,0,0,0,0,0,0,0,0,0,0,0,0,0,0,0,0,0,0,0,0,0,0,0,0,0,0,0,0,0,0,0,0,0,0,0,0,0,0,0,0,0,0,0,0,0,0,0,0,0,0,0,0,0,0,0,0,0,0,0,0,0,0,0,0,240,112,0,0,0,0,0,0,32,0,0,80,0,240,0,0,0,0,0,0,240,0,112,4,352,0.51162836,0.633965823,0.878863245
WB3,Wei,UP,Bench,618,16.07,0,17.46,8.75,102.888,7.885,109.3,427,2.09,0.73,2.31,31.28,29.12,30.21,2.03,0.21,0,0,0,0,32,0,0,0,0,0,0,0,0,0,0,0,0,0,0,0,0,0,0,0,0,0,0,0,0,0,0,0,0,0,0,0,0,0,0,0,0,0,0,0,0,0,0,0,0,0,0,0,0,16,0,0,0,80,0,0,0,0,0,0,0,0,0,0,0,0,0,0,0,0,0,0,0,0,0,224,0,0,0,0,0,0,0,0,0,0,0,0,0,0,0,80,0,0,256,0,0,16,224,16,80,0,0,0,0,0,0,0,0,32,256,80,0,16,0,4,352,0.51162836,0.708974687,0.982847611
WB4,Wei,MID,Bench,847,11.17,2.32,13.92,8.82,64.843,11.058,103.61,392,9.73,6.95,10.74,36.43,27.24,3.63,0,0,0,0,0,0,16,0,0,0,0,0,0,0,0,0,0,0,0,0,0,0,0,0,0,0,0,0,0,0,0,0,0,0,0,0,0,0,0,0,0,0,0,0,0,0,0,0,0,0,0,0,0,0,0,0,0,0,0,0,0,0,0,0,0,0,0,0,0,0,0,0,0,0,0,0,0,0,0,0,0,0,0,0,0,16,0,0,0,0,0,0,0,0,0,0,0,0,0,0,32,0,0,0,0,0,0,0,0,16,0,0,0,0,0,16,32,0,0,0,0,2,32,0.288539008,1,0.693147181
WB5,Wei,MID,Bench,846,41.35,1.81,17.97,8.45,15.625,9.618,243.17,392,0.7,3.36,10.58,16.47,10.01,4.34,8.16,42.21,0,0,0,0,0,16,0,0,0,0,0,0,0,0,0,0,0,0,0,0,0,0,0,0,0,0,0,32,0,0,0,0,0,0,0,0,0,0,0,0,0,0,0,0,0,0,0,0,0,0,0,0,0,0,0,0,0,0,0,0,0,0,0,0,0,0,0,0,0,0,0,0,0,0,0,0,0,0,0,0,0,0,0,0,0,0,0,0,0,0,0,0,0,0,0,16,32,0,0,0,0,0,16,0,0,0,0,0,0,32,0,0,0,0,0,16,32,0,0,2,48,0.258317767,0.918295834,0.636514168
WB7,Wei,DOWN,Bench,444,14.57,2.06,16.62,8.81,82.189,25.775,164.55,368,0,0.12,1.41,68.47,21.68,6.5,0.52,0.21,0,0,0,0,0,0,0,0,0,0,0,0,0,0,0,0,0,0,0,0,0,0,0,0,0,0,0,0,0,0,0,0,0,0,0,0,0,0,0,0,0,0,0,0,0,0,0,0,0,0,0,0,0,32,0,128,0,0,0,0,0,0,0,0,0,0,0,0,0,0,0,0,0,0,0,0,0,0,0,0,0,0,0,0,0,0,0,0,0,0,0,0,0,0,128,0,0,0,0,0,0,32,128,32,0,0,0,0,0,0,0,0,0,0,0,0,0,160,0,2,160,0.197037587,0.721928095,0.500402424
WB8,Wei,DOWN,Bench,218,12.69,2.58,15.57,8.72,23.974,6.208,155.56,366,1.32,3.18,8.03,36.9,40.58,8.83,0.2,0.03,0,0,0,0,0,0,0,0,0,0,0,0,0,0,0,0,0,0,0,0,0,0,0,0,0,0,0,0,0,0,0,0,0,0,0,0,0,0,0,0,0,0,0,0,0,0,0,0,0,0,0,0,0,0,0,0,0,0,0,0,0,0,0,0,0,0,0,0,0,0,0,0,0,0,0,0,0,0,0,0,0,0,0,0,0,32,0,32,0,0,0,0,0,0,0,0,0,0,32,0,32,0,0,0,0,64,0,0,0,0,0,0,0,0,64,0,0,0,0,2,64,0.240449173,1,0.693147181
